Area,Area Confidence,Perimeter,Perimeter Confidence,Compactness,Compactness Confidence,Kernel Length,Kernel Length Confidence,Kernel Width,Kernel Width Confidence,Asymmetry Coefficient,Asymmetry Coefficient Confidence,Kernel Groove Length,Kernel Groove Length Confidence,Wheat Variety
15.26,99.8261579047542,14.84,99.98570297173828,0.871,99.31464630788966,5.763,99.11690064563525,3.312,99.75604357511806,2.221,96.5515870101408,5.22,96.29105388480073,1
14.88,98.496418329328,14.57,99.78619075872906,0.8811,98.9295117514705,5.553999999999999,99.49912603369299,3.333,99.70192216858075,1.018,14.082073757284896,4.956,94.62363482519561,1
14.29,99.5388320908897,14.09,99.76277383093091,0.905,99.06536579446843,5.291,99.62399637375242,3.3369999999999997,99.55119803949823,2.699,93.42772267490935,4.825,98.29273101334437,1
13.84,99.0699529108358,13.94,99.95177943329654,0.8955,96.70954956853222,5.324,98.6702153023097,3.3789999999999996,96.40024145533049,2.259,97.7550335064239,4.805,99.7157549901988,1
16.14,98.89385470732226,14.99,99.46322590949211,0.9034,99.33822327134739,5.6579999999999995,99.86767142920068,3.562,99.30540945133149,1.355,45.14390233841936,5.175,97.38323503709931,1
14.38,99.80496430835272,14.21,99.81990404370603,0.8951,99.64960901624697,5.386,99.80572098323395,3.312,99.9273898755232,2.4619999999999997,97.58226989996514,4.956,98.77878596136536,1
14.69,99.17658232036774,14.49,99.52663409007639,0.8799,99.37600923862934,5.563,99.93981021805256,3.259,99.41433862801894,3.5860000000000003,87.47417374656182,5.218999999999999,99.21918274079306,1
14.11,99.85477308494887,14.1,99.93037928131554,0.8911,99.25215402454013,5.42,98.94969697413272,3.302,98.6579073663351,2.7,93.42341920817721,5.0,99.92143330613276,1
16.63,99.60116454757562,15.46,99.37347451082549,0.8747,99.00343323335973,6.053,98.86164908857624,3.465,98.82947012353793,2.04,82.91738393418167,5.877000000000001,98.35146677810044,1
16.44,99.62258327501304,15.25,99.44439607130771,0.888,99.59269754705517,5.8839999999999995,99.12835627172673,3.505,99.3401293267749,1.969,82.75585725012104,5.5329999999999995,99.39478449067023,1
15.26,98.82304102479468,14.85,99.2735384801224,0.8696,98.3950784894616,5.7139999999999995,99.80126556475716,3.242,97.91853283084977,4.543,86.0206707668748,5.314,96.51614346786197,1
14.03,99.60390470201705,14.16,99.95636113913996,0.8796,99.88360017184715,5.438,99.7581557983611,3.201,99.74936708323057,1.7169999999999999,80.21079584781596,5.001,97.77942610491374,1
13.89,98.6148220352406,14.02,99.88600087863236,0.888,98.09559067972918,5.439,98.04456654769153,3.199,98.7194494082794,3.986,83.75178792417293,4.738,93.32696921582867,1
13.78,99.17614737214024,14.06,99.96102289139908,0.8759,99.29552173383063,5.479,98.48326067254858,3.156,99.51784617949075,3.136,87.16822341919733,4.872,95.43552022597119,1
13.74,98.97174864145443,14.05,99.97547528780815,0.8744,98.28009923311579,5.482,98.59868474937232,3.114,98.41393812648658,2.932,87.73353007831003,4.825,93.8084363349672,1
14.59,98.98106728666939,14.28,99.31462077246273,0.8993,98.46209247596572,5.351,99.53577124502111,3.333,98.53831537385295,4.185,85.9573247070505,4.781000000000001,95.13924400947408,1
13.99,99.33710085969277,13.83,99.65353838740026,0.9183,99.01531679478262,5.119,99.17084915748848,3.383,99.8812317760507,5.234,90.51914304371375,4.781000000000001,99.50504120864149,1
15.69,99.23157626045297,14.75,99.76600794799228,0.9058,99.8587913949763,5.527,99.40104716951723,3.514,99.77613550858642,1.599,66.50904450836438,5.046,97.47322050118488,1
14.7,99.23895398523658,14.21,99.63808974571957,0.9153,99.79185625340669,5.205,98.19815751096489,3.466,99.89062535617957,1.767,78.12807903371157,4.649,96.6774207924824,1
12.72,99.58089714021743,13.57,99.30633762144173,0.8686,99.47132424237391,5.226,99.73369846408075,3.049,99.56499507520026,4.102,90.32746107493435,4.914,99.95549994358052,1
14.16,99.50778721239645,14.4,99.69672089928206,0.8584,99.65803226005283,5.6579999999999995,98.88184495292796,3.1289999999999996,99.94557617615457,3.072,89.63169066860647,5.176,97.10722665687828,1
14.11,99.61564538547645,14.26,99.73718707900389,0.8722,99.78142585206099,5.52,99.95715022015634,3.168,99.76407722936564,2.688,95.04407890812332,5.218999999999999,99.95184767376325,1
15.88,98.2913779423856,14.9,99.32359592181838,0.8988,99.43473161674899,5.617999999999999,99.26591451218721,3.5069999999999997,99.74979334870055,0.7651,39.399221422224805,5.091,95.60104828202735,1
12.08,99.0987512543548,13.23,99.95165278094798,0.8664,99.83824479254022,5.099,98.39635070486592,2.9360000000000004,99.82791177470357,1.415,54.44821186969917,4.961,97.79554477913447,1
15.01,99.73512938942596,14.76,99.67607172880373,0.8657,99.96376004751656,5.789,98.38900982404736,3.245,99.38523612096294,1.791,86.57012662459542,5.001,91.47853236068164,1
16.19,98.94022533796051,15.16,99.10778678677642,0.8849,99.07683525753535,5.832999999999999,99.96321324130191,3.4210000000000003,98.87824889522498,0.903,46.65637712671094,5.307,94.56048050971746,1
13.02,99.14747665646044,13.76,99.79495355557432,0.8641,99.37821824645849,5.395,98.71044168104599,3.0260000000000002,99.35037422409437,3.373,87.66469499232356,4.825,95.52250638194613,1
12.74,99.57641788945563,13.67,99.99342621760519,0.8564,99.44179873049431,5.395,98.91321970776055,2.9560000000000004,99.273613822556,2.504,96.27145052442188,4.869,96.03453055107255,1
14.11,99.39343649850181,14.18,99.6699307133589,0.882,99.5874549017876,5.541,98.17135563252126,3.221,99.76252550349749,2.7539999999999996,90.72642900332555,5.038,97.8213169868934,1
13.45,99.30303268741287,14.02,99.74334522849205,0.8604,99.84328440869528,5.516,98.80027562837896,3.065,99.88490331156217,3.531,88.07291843486522,5.0969999999999995,98.25082324897008,1
13.16,99.38966059676184,13.82,98.91278548120161,0.8662,97.75613192905928,5.454,99.72649189104158,2.975,97.83033494902187,0.8551,48.73547725713845,5.056,96.2828489774624,1
15.49,99.77937252127738,14.94,99.44405193630634,0.8724,98.63107162436172,5.757000000000001,99.21775532339237,3.3710000000000004,99.24119646667651,3.412,88.3968613822672,5.228,97.00546562914944,1
14.09,99.99060504355221,14.41,99.68467050142863,0.8529,96.69883070568719,5.7170000000000005,97.83891006664855,3.1860000000000004,97.08433139112505,3.92,87.69723433398295,5.2989999999999995,99.6789233143183,1
13.94,99.72149288770599,14.17,99.46087259635603,0.8728,99.39340484586609,5.585,98.09381273551033,3.15,99.76138358221205,2.124,98.93154751366761,5.012,95.9619193496881,1
15.05,99.72067688172143,14.68,99.7128571265985,0.8779,98.9800167443326,5.712000000000001,98.96765972871961,3.3280000000000003,98.82895310037692,2.129,92.90818890880573,5.36,99.97530895234476,1
16.12,99.84103761965082,15.0,99.64652609049845,0.9,98.94021070442889,5.709,99.98654206488777,3.485,99.5877203053223,2.27,93.27327398506432,5.443,99.55529958697933,1
16.2,99.62289436161458,15.27,99.35212530205206,0.8734,97.73474145999812,5.8260000000000005,99.60320609825017,3.464,98.64999825034751,2.823,98.32605951181878,5.527,99.57752510652969,1
17.08,99.94053030782025,15.38,99.65634511771046,0.9079,99.56965829379205,5.832000000000001,99.0786875885811,3.6830000000000003,98.92144464088778,2.9560000000000004,97.16855993328653,5.484,99.58439620526815,1
14.8,99.28544423825673,14.52,99.82102674005648,0.8823,99.6306865634416,5.656000000000001,98.6084926787458,3.2880000000000003,99.73724265502688,3.112,89.14224098224992,5.309,99.99280772010364,1
14.28,99.89398562672478,14.17,99.81945804417774,0.8944,98.97281450791908,5.397,99.95928621109555,3.298,99.28130374019418,6.685,96.48008661114146,5.001,95.19960075962584,1
13.54,99.3874035491702,13.85,99.81514707900763,0.8871,98.95495058444045,5.348,99.83621963293689,3.156,99.85975622120097,2.5869999999999997,96.3615509246619,5.178,97.27588733424858,1
13.5,99.79322877187275,13.85,99.76964057096353,0.8852,99.53670151280932,5.351,99.9080155608683,3.158,99.68877298847836,2.249,96.67107690592876,5.176,97.22209624482299,1
13.16,99.58301788343859,13.55,99.95809302863215,0.9009,99.11247957276332,5.138,99.8704395338876,3.201,99.99834628094067,2.461,96.73811882683786,4.783,99.3727311975905,1
15.5,99.10219767598868,14.86,99.44749055995128,0.882,99.4497926922982,5.877000000000001,96.89056963776159,3.3960000000000004,98.41243976804665,4.711,85.29434956435482,5.528,99.74868596050025,1
15.11,99.84841645537993,14.54,99.85321981036365,0.8986,98.595772647291,5.579,98.44938093909391,3.4619999999999997,97.90621378146986,3.128,90.14983023140171,5.18,99.0511511255244,1
13.8,99.6261908374042,14.04,99.9623146555916,0.8794,99.19661665364879,5.376,99.2424246397482,3.155,99.00734596480764,1.56,72.22901286751974,4.961,97.52684769175211,1
15.36,99.1217091457899,14.76,99.333304600882,0.8861,99.42368957649961,5.7010000000000005,99.04135603418206,3.3930000000000002,99.42953301602863,1.367,55.835380951767036,5.132000000000001,95.93155298855753,1
14.99,99.80849310751204,14.56,99.78362054523465,0.8883,99.21092408125111,5.57,99.45402336087629,3.377,99.03807734045483,2.958,91.95993824513631,5.175,99.80324445243615,1
14.79,99.69942376353707,14.52,99.59372213406404,0.8819,99.77386909798697,5.545,99.808047952604,3.2910000000000004,99.57763460097358,2.7039999999999997,94.46206904826974,5.111000000000001,97.99568361044523,1
14.86,99.61799766919876,14.67,99.78415948141709,0.8676,98.88344920931934,5.678,99.96267096803933,3.258,99.39760814518446,2.129,91.48102748372055,5.351,99.62387749864942,1
14.43,99.52038427836072,14.4,99.6270976657702,0.8751,98.79917461642965,5.585,98.75669512861435,3.272,98.79048845197605,3.975,86.47478186881048,5.144,98.81292570305095,1
15.78,99.09370506246005,14.91,99.70687411148245,0.8923,98.73308779975574,5.6739999999999995,99.43194639933792,3.4339999999999997,98.8498360347605,5.593,88.16742671109235,5.136,94.55921981519157,1
14.49,99.08667455992845,14.61,99.30061906641659,0.8538,99.59555671845847,5.715,99.81433406149691,3.113,98.92565851755401,4.1160000000000005,87.09666076136608,5.396,98.30877222720629,1
14.33,98.87398478451709,14.28,99.83085178825326,0.8831,98.20335525245738,5.504,99.86437922238056,3.199,98.67640632933585,3.3280000000000003,88.1277192344089,5.224,99.9781960719407,1
14.52,99.47774133875181,14.6,99.7290466965366,0.8557,99.76017305325958,5.7410000000000005,99.89805231836536,3.113,99.2420493540048,1.4809999999999999,61.48390639784584,5.487,99.1264987763925,1
15.03,99.84133404621836,14.77,99.7742272157668,0.8658,99.51963969310734,5.702000000000001,99.13505257020257,3.2119999999999997,98.89581023800648,1.933,84.20185459588996,5.439,99.1655259958962,1
14.46,99.16899151064601,14.35,98.92660198922977,0.8818,96.39121854492448,5.388,98.96029984913926,3.377,97.25496745767275,2.802,97.19446927759371,5.044,98.4241190059755,1
14.92,98.64442587432207,14.43,99.91159504005293,0.9006,99.36219419853472,5.3839999999999995,98.1091242235583,3.412,99.52721325091392,1.1420000000000001,24.74766925254689,5.088,99.88554661430838,1
15.38,99.40279112998893,14.77,99.89667661824319,0.8857,98.58141028731269,5.662000000000001,99.51134605672762,3.4189999999999996,98.71660371316764,1.999,87.43180532840309,5.222,98.81089796131212,1
12.11,96.78552692730513,13.47,98.69573819228117,0.8392,93.15977622964363,5.159,98.84686366454736,3.032,95.52365771408526,1.5019999999999998,56.545052275171685,4.519,96.06117666298076,1
11.42,99.19732136622434,12.86,99.93402119880503,0.8683,98.07930210631443,5.008,99.85206725543397,2.85,98.46585698844089,2.7,96.8846335870303,4.607,98.00940581566728,1
11.23,99.17335225930421,12.63,99.32087422718523,0.884,97.40190175617597,4.902,99.92756950704643,2.8789999999999996,98.73877308654498,2.269,95.57190609255748,4.703,97.85817045564478,1
12.36,98.63423003960513,13.19,99.80030814699032,0.8923,97.50749422308473,5.0760000000000005,99.2373675032763,3.042,98.5168710261971,3.22,88.23035973125965,4.605,97.60187116289318,1
13.22,99.19196210537248,13.84,99.66222509632144,0.868,99.81014512154215,5.395,99.40968422548659,3.07,99.99797423758999,4.157,88.53486507405196,5.088,99.75187901452877,1
12.78,99.16149639939586,13.57,99.55765025087209,0.8716,99.42452161330459,5.2620000000000005,99.8348835395311,3.0260000000000002,99.32452868060737,1.176,43.38376497851092,4.782,96.3951421250091,1
12.88,99.7111774716784,13.5,99.79903878519197,0.8879,99.16997439646376,5.138999999999999,99.8350381733359,3.1189999999999998,99.40604471869531,2.352,97.85718842228808,4.607,96.81588638305509,1
14.34,99.38361624240423,14.37,99.28290006211478,0.8726,99.730263368471,5.63,99.06731734737826,3.19,99.78147010345319,1.3130000000000002,55.57740185256801,5.15,96.66812697629754,1
14.01,99.7428404865464,14.29,99.98927127308232,0.8625,98.74836019828341,5.609,98.84348012212895,3.158,99.03664010306437,2.217,97.32169270756107,5.132000000000001,97.84353280904827,1
14.37,99.69802346360885,14.39,99.74411809133227,0.8726,98.73177385039659,5.569,99.29590208974322,3.153,98.5622604312024,1.464,62.75954893929456,5.3,99.01615887661904,1
12.73,99.07615536602154,13.75,99.41122052288556,0.8458,98.86038946497432,5.412000000000001,99.94291455103131,2.8819999999999997,98.18171904655655,3.533,90.57214020404722,5.067,97.63702996339113,1
17.63,99.71638753620036,15.98,99.66265348381826,0.8673,98.46501447766744,6.191,99.39488303151653,3.5610000000000004,98.95545358373481,4.0760000000000005,90.18514794778555,6.06,98.1994732794978,2
16.84,99.92152998864752,15.67,98.91925394749599,0.8623,97.43390088333233,5.997999999999999,99.37964438964251,3.484,98.6926199122901,4.675,89.33495215287257,5.877000000000001,98.14328465124117,2
17.26,99.89057991609239,15.73,99.18842040781203,0.8763,97.86516071337165,5.978,99.69537918215464,3.594,98.67802012819595,4.539,89.4925129274859,5.791,98.58461754750167,2
19.11,99.53397334359954,16.26,99.31195850575347,0.9081,98.56473023257817,6.154,99.30030884375006,3.93,98.0211462634572,2.9360000000000004,90.99381411941046,6.079,96.41696351958602,2
16.82,99.26953261281902,15.51,99.9722352381466,0.8786,99.94691580212725,6.017,99.0148000581755,3.486,99.74028571659005,4.004,88.12211469259334,5.841,98.58722618589255,2
16.77,99.61352654113571,15.62,98.71022121613952,0.8638,99.03917274315582,5.9270000000000005,98.46755315631793,3.438,99.66672843320283,4.92,89.24207666206365,5.795,99.47827005334278,2
17.32,99.30188460455672,15.91,98.93641054265278,0.8599,98.80409600730852,6.064,98.24141244414446,3.403,97.62211030448844,3.824,91.15896565340792,5.922000000000001,99.28973512051742,2
20.71,99.2556430293169,17.23,99.86591527179951,0.8763,97.03838247811657,6.579,99.77604905630064,3.8139999999999996,97.29691868199977,4.4510000000000005,95.63533192792582,6.4510000000000005,98.31871346026088,2
18.94,98.88016142781922,16.49,99.58237795812983,0.875,98.01652322577696,6.445,98.56650463510513,3.639,98.77555809675633,5.064,88.72874344170091,6.362,99.52168977912801,2
17.12,99.97797424530917,15.55,99.57857848117288,0.8892,99.97801891111094,5.85,98.61223655435872,3.5660000000000003,99.75083069631769,2.858,98.45281221848212,5.746,97.98324048471704,2
16.53,99.24314942990058,15.34,99.64830530742478,0.8823,99.64718551047994,5.875,99.73131735288663,3.467,99.88187595995586,5.532,89.74588390001276,5.88,97.32704814673986,2
18.72,99.9429241712773,16.19,99.29528297561967,0.8977,98.2666219376874,6.006,98.9349217410346,3.8569999999999998,98.84526478410196,5.324,92.55014411353783,5.879,98.35214463431419,2
20.2,99.47489793514303,16.89,99.51549270632142,0.8894,98.14083129151008,6.285,98.36052483938633,3.864,97.96223705386868,5.172999999999999,94.30473992842889,6.187,99.13069093269173,2
19.57,98.7969792767683,16.74,99.31138368534563,0.8779,99.78237866049808,6.3839999999999995,99.07455972272481,3.772,99.60993459580787,1.472,18.88873316846329,6.273,99.54906061000628,2
19.51,99.63687014804069,16.71,99.94512976384445,0.878,99.09492446573012,6.3660000000000005,99.81996145924012,3.801,99.71104184892758,2.9619999999999997,91.35483811564887,6.185,99.95063050503703,2
18.27,99.90951914828521,16.09,99.49580304337645,0.887,99.40113244528254,6.172999999999999,99.82548643560958,3.6510000000000002,99.8144095043486,2.443,85.28781960954083,6.197,97.04836013239938,2
18.88,99.09304735340976,16.26,99.53498217735708,0.8969,99.29922194845268,6.084,97.99319063605654,3.764,99.26480681719626,1.649,37.99254283235717,6.109,98.08780729327775,2
18.98,99.95366895961833,16.66,99.78833343283922,0.8590000000000001,98.03414946749886,6.5489999999999995,98.52726532488147,3.67,98.48548213032376,3.6910000000000003,95.37612014202517,6.497999999999999,97.61572608392332,2
21.18,99.36536445061978,17.21,99.15771970775786,0.8989,97.94117957260286,6.5729999999999995,98.26244189936666,4.033,98.98625476335906,5.78,93.4329771203426,6.231,96.6179220592208,2
20.88,99.57797593781879,17.05,99.398377941305,0.9031,98.72784021366276,6.45,99.23888011044359,4.032,99.62104570432972,5.016,95.50055985370531,6.321000000000001,99.81307681427319,2
20.1,99.4203410168857,16.99,98.95647983000488,0.8746,99.13257372845653,6.581,99.5819193194113,3.785,99.1876690264253,1.955,55.32845400008275,6.449,99.21032495240955,2
18.76,99.97008924928102,16.2,99.50590348261527,0.8984,99.98133519679357,6.172000000000001,99.44759029766492,3.7960000000000003,99.41550953867912,3.12,97.66277460130743,6.053,97.95680550040672,2
18.81,99.36436756033417,16.29,99.37422327618967,0.8906,97.7397724639661,6.272,99.13730182915195,3.693,98.56891005559392,3.237,98.15157679367546,6.053,99.31474641892646,2
18.59,99.75314573374153,16.05,99.93600289244249,0.9066,99.36151239999857,6.037000000000001,99.53582412471815,3.86,98.93604453177024,6.001,91.9684749583451,5.877000000000001,98.92867125893025,2
18.36,99.04977417093328,16.52,99.54107370403932,0.8452,99.86195050191799,6.666,97.0161136212189,3.485,99.84459546742808,4.933,86.50951544570972,6.4479999999999995,99.33032419516536,2
16.87,99.6394633717857,15.65,99.95730311038388,0.8648,98.58077728833567,6.138999999999999,98.61613169843221,3.463,98.72690902138062,3.696,89.78379564697843,5.9670000000000005,98.24316472932742,2
19.31,99.84886444902779,16.59,99.91460214432608,0.8815,98.6959638584475,6.341,99.68622545466259,3.81,98.99707119377882,3.477,99.7925316304525,6.2379999999999995,98.18517017024297,2
18.98,99.7896163091344,16.57,99.26371690975768,0.8687,96.86493546972808,6.449,99.71223410670383,3.552,97.15534229002338,2.144,73.58247727699148,6.452999999999999,99.86335516032568,2
18.17,99.78645620400053,16.26,99.81695087456353,0.8637,99.13639160370646,6.271,99.14604904842648,3.512,98.62022104865895,2.853,95.55598940010908,6.273,98.54151331525995,2
18.72,99.53960656188525,16.34,99.76776111269207,0.8809999999999999,99.70974191398027,6.218999999999999,99.16243365721364,3.6839999999999997,99.36462093620106,2.188,74.11918680221572,6.097,99.71495211370365,2
16.41,99.77991751836687,15.25,99.00703775812147,0.8866,98.74169832170934,5.718,98.59625059186521,3.525,99.23606817685487,4.217,90.07162706397345,5.617999999999999,97.15198597575613,2
17.99,99.39774371980405,15.86,99.90190631656463,0.8992,99.66078632648447,5.89,97.69934420156515,3.694,99.4285362469985,2.068,70.18708884646125,5.837000000000001,98.13602982124347,2
19.46,99.9657297217566,16.5,99.51195088945097,0.8985,99.67998073806676,6.1129999999999995,98.58833115612187,3.892,99.98989797856238,4.308,96.35837825343458,6.0089999999999995,98.7481288743205,2
19.18,99.77167814119976,16.63,99.88357570867767,0.8717,99.32541939001679,6.369,99.62704311031197,3.681,98.89922850350483,3.3569999999999998,99.95608270805843,6.229,99.76009038126959,2
18.95,99.9636436324051,16.42,99.947360653065,0.8829,99.39356241731049,6.247999999999999,99.79344469625,3.755,99.65215152541113,3.3680000000000003,99.72301656909725,6.148,98.42141357390611,2
18.83,99.3566803397563,16.29,99.5785426780826,0.8917,99.39934795980473,6.037000000000001,97.83153094595103,3.786,99.76043281979055,2.553,82.03135870800293,5.879,99.705086686757,2
18.85,99.92770437682951,16.17,99.19028163095346,0.9056,99.09940143157783,6.152,99.73622291973183,3.806,99.78642049358594,2.843,91.34172525516593,6.2,96.11259654574972,2
17.63,99.55534819180951,15.86,99.54125596616258,0.88,99.8119356021554,6.0329999999999995,99.34059965188833,3.573,99.56782150603868,3.747,92.48858887645461,5.928999999999999,98.47692689310243,2
19.94,99.57160711447963,16.92,98.80219581998341,0.8752,98.68417174231612,6.675,97.71592471218231,3.763,99.63669724865667,3.252,98.42656881013367,6.55,99.5738484420402,2
18.55,99.36476364129928,16.22,99.5518460583434,0.8865,98.99785909842367,6.153,99.08820275176382,3.674,98.71904550306867,1.7380000000000002,53.875454359379674,5.894,97.99196241462535,2
18.45,99.25883436681934,16.12,99.6878042519683,0.8921,98.8110389563462,6.107,99.99059275969366,3.7689999999999997,99.15056920042032,2.235,78.02437909892888,5.794,99.28525605045418,2
19.38,99.67951111293321,16.72,99.27804039025358,0.8716,98.18401329723405,6.303,99.18733112975853,3.7910000000000004,99.72517709764415,3.678,98.50951398154501,5.965,97.90166224120581,2
19.13,99.09721830110524,16.31,99.10915263030515,0.9035,98.82302582436036,6.183,99.38917992799226,3.9019999999999997,98.61543965765925,2.109,67.59800747964039,5.9239999999999995,99.66711955186575,2
19.14,99.86968710835407,16.61,99.20770568796556,0.8722,99.53298514330292,6.2589999999999995,98.87514356515864,3.737,99.26042376188508,6.682,93.37997463331493,6.053,97.44696827246099,2
20.97,99.82721384553692,17.25,99.7216498983765,0.8859,99.90012816925447,6.563,99.25891883902545,3.991,99.880329588603,4.677,96.16334578993332,6.316,98.58786242973362,2
19.06,99.93508663805046,16.45,98.76458312384366,0.8854,98.73352715165083,6.416,98.38222235178834,3.719,99.4963868854106,2.248,79.55766323253646,6.162999999999999,98.98062482106728,2
18.96,99.85563021562048,16.2,99.95014857594654,0.9077,99.57644077901152,6.051,99.8669616356434,3.897,99.38492353173733,4.334,93.47443389009477,5.75,99.71933061304662,2
19.15,99.73730066182199,16.45,99.82627697262602,0.889,99.12343447440402,6.245,99.85085911467635,3.815,99.21140567656438,3.0839999999999996,94.10883781432644,6.185,97.62623848324871,2
18.89,99.29582152707657,16.23,99.25262554996566,0.9008,98.02304816613255,6.227,98.63790395776168,3.7689999999999997,99.17520057584842,3.639,94.39508770751422,5.966,99.44428999133108,2
20.03,99.8018364535257,16.9,99.46366197068409,0.8811,99.71999293888038,6.492999999999999,99.29078611699185,3.8569999999999998,99.75876927489013,3.063,91.78746776036337,6.32,99.92020447762306,2
20.24,99.98435214342311,16.91,99.5776543639736,0.8897,99.10103405370852,6.315,99.2564750729104,3.9619999999999997,99.70381914484445,5.901,94.26579654929176,6.188,99.95774768741643,2
18.14,99.44559810560467,16.12,99.20440736984814,0.8772,98.32867235061379,6.059,97.82041546499546,3.563,97.71829369117869,3.6189999999999998,95.52098097801158,6.011,99.36725804678757,2
16.17,99.89813778636572,15.38,98.07775315103929,0.8588,97.60128823865232,5.7620000000000005,97.03010220619667,3.387,99.63028044787376,4.2860000000000005,91.15708053791994,5.702999999999999,97.84109062079926,2
18.43,99.8735994633946,15.97,99.77002499591856,0.9077,98.91726426869486,5.98,99.21419052372747,3.7710000000000004,99.5501863101719,2.984,95.41745443969711,5.905,97.81584249754968,2
15.99,99.71512957325783,14.89,98.43224044198367,0.9064,98.82168616825749,5.3629999999999995,96.26316286140441,3.582,99.69738783253767,3.3360000000000003,95.97424844193183,5.144,98.33899889673732,2
18.75,99.94016540214213,16.18,99.99194192261872,0.8999,98.14853830180684,6.111000000000001,99.51526724202806,3.8689999999999998,98.06126797356079,4.188,93.89329735982118,5.992000000000001,97.00728221419503,2
18.65,99.19103735305055,16.41,99.56590086196556,0.8698,98.43548710256732,6.285,99.58765812307581,3.594,98.04799001898282,4.391,90.36409693051314,6.102,98.79634462751858,2
17.98,99.71725525837844,15.85,99.65700273386187,0.8993,99.39915862029808,5.979,99.11080288897924,3.687,99.75088059036955,2.2569999999999997,80.13003986889234,5.919,97.75905503338797,2
20.16,99.39532730287546,17.03,99.37642384257835,0.8735,98.46613879123677,6.513,99.51777715205328,3.773,97.95747233079874,1.91,52.505512000987956,6.185,95.70916839870577,2
17.55,99.6810975329798,15.66,99.10414720041973,0.8991,99.71713404716547,5.791,98.26251254898301,3.69,99.94978867852751,5.3660000000000005,91.05884829760672,5.6610000000000005,98.87202607470968,2
18.3,99.78963070727285,15.89,99.49534939599558,0.9108,98.50688237069534,5.979,99.52179715937953,3.755,99.52156204843668,2.8369999999999997,93.66818469579982,5.962000000000001,96.9550892926982,2
18.94,99.59553066014087,16.32,99.95303111116581,0.8942,99.05511192360517,6.144,99.58337441849633,3.825,99.32975545678615,2.908,91.91096990936246,5.949,99.23530813585765,2
15.38,98.81207094807995,14.9,99.79967203347252,0.8706,99.15386116070628,5.8839999999999995,98.48772223570388,3.2680000000000002,99.91697444219042,4.462,86.64663156825448,5.795,97.65180498684839,2
16.16,99.79943784251327,15.33,98.82797437304939,0.8644,98.21612916477311,5.845,98.71783391819703,3.395,99.27360078060634,4.266,89.84565085785495,5.795,97.1833747630338,2
15.56,99.47368510785665,14.89,99.93607886371525,0.8823,98.77172727130178,5.776,99.2412107566291,3.408,98.1052561997061,4.9719999999999995,89.2225582747195,5.847,94.48648938723666,2
15.38,99.78295919938354,14.66,99.26802768501187,0.899,99.08606579185924,5.477,98.56562514390723,3.465,98.88038253671068,3.6,91.52552337653694,5.439,95.05564091124886,2
17.36,99.6775819728032,15.76,99.73409549816876,0.8785,98.95692684498421,6.145,98.41961538108417,3.574,98.65807327117369,3.5260000000000002,91.63718315965824,5.971,97.96169136387108,2
15.57,99.97826134167873,15.15,99.57131863597478,0.8527,99.21112488789936,5.92,99.50546069965573,3.2310000000000003,99.94720672812501,2.64,98.57446396851559,5.879,97.48739314673512,2
15.6,99.84110276965681,15.11,99.28285183353324,0.858,98.56274329261842,5.832000000000001,99.01386816429432,3.286,99.51167700908174,2.725,99.705508362549,5.752000000000001,97.54441117233887,2
16.23,99.5006253953444,15.18,99.96130738101274,0.885,99.23149584970442,5.872000000000001,99.36223497900897,3.472,98.55938355073216,3.7689999999999997,90.31632316007038,5.922000000000001,94.57298985908764,2
13.07,99.96004301307934,13.92,99.48782096695288,0.848,98.74754196716916,5.472,99.83628715146979,2.9939999999999998,99.1757338840609,5.303999999999999,94.52652391732025,5.395,98.40044723242379,3
13.32,99.24764438773701,13.94,99.09420854555276,0.8613,99.49676124810263,5.541,98.91811206087556,3.073,99.11945726352404,7.035,97.84510282158114,5.44,98.9621427978148,3
13.34,99.87008938222826,13.95,99.49208926838958,0.862,99.4478381964469,5.388999999999999,98.97091512918293,3.074,99.87196767878648,5.995,96.76081197830402,5.307,99.45013181867152,3
12.22,99.9529866384847,13.32,99.77852647165626,0.8652,99.90620877886415,5.224,99.89455976296412,2.967,99.22047370652011,5.468999999999999,97.611958703025,5.221,97.04981638001212,3
11.82,99.8115674094234,13.4,99.2346507784496,0.8274,98.63086340506307,5.314,99.44325080881151,2.7769999999999997,99.60317228266955,4.471,96.95521750810249,5.178,99.41813598670444,3
11.21,98.11907236843969,13.13,99.84986267169317,0.8167,98.16515656754954,5.279,99.3465137483647,2.687,99.1495759889172,6.169,91.82638574081638,5.275,99.45425518874302,3
11.43,99.52992153571728,13.13,99.56005035125126,0.8335,99.92752947534575,5.176,98.45513331629103,2.719,99.33413743781091,2.221,83.34188915616298,5.132000000000001,97.54553160369062,3
12.49,99.06078906909667,13.46,99.87434723404252,0.8658,98.9942626636815,5.267,99.49451558397277,2.967,99.38332697003716,4.421,90.67478935693497,5.002,99.7202557405969,3
12.7,99.4847816440473,13.71,99.49790970650163,0.8491,99.82319477460089,5.386,99.45380820169139,2.911,99.58114209570607,3.26,94.81545613528822,5.316,97.36006896578097,3
10.79,98.34873400740356,12.93,99.4083876787525,0.8107,97.29232125073123,5.317,98.54152952867952,2.648,97.53035126296407,5.462000000000001,93.90812328890792,5.194,99.68074438117422,3
11.83,99.86082892193978,13.23,99.74211847126367,0.8496,99.80679627355411,5.263,99.81252210455057,2.84,99.70796727025399,5.195,98.58669013352211,5.307,96.95563575892564,3
12.01,98.21068949618551,13.52,99.65797895138749,0.8249,99.24962411261669,5.405,99.33356785866636,2.7760000000000002,99.44754065575782,6.992000000000001,91.81813808135826,5.27,95.70134015775417,3
12.26,99.95667564602105,13.6,99.48505661531229,0.8333,98.97885223210547,5.4079999999999995,99.76989357068845,2.833,99.5641416806037,4.756,96.03876656678352,5.36,98.1879573097149,3
11.18,99.94109179669188,13.04,99.66004720409354,0.8266,99.3839064522809,5.22,99.8592764576543,2.693,99.93897297917343,3.332,99.88926434502044,5.001,99.97072043178325,3
11.36,99.99466439534108,13.05,99.71153573388665,0.8382,99.5028201324029,5.175,99.3259192561126,2.755,99.45932972038895,4.048,99.46487911130892,5.263,95.3946747144223,3
11.19,99.1532590991465,13.05,99.67712699483067,0.8253,99.99859854746485,5.25,99.71736212615606,2.675,99.47737447269921,5.813,94.78558693767776,5.218999999999999,99.37149561926256,3
11.34,99.70782845548352,12.87,99.97293974432154,0.8596,99.9907197628431,5.053,99.98828894175182,2.8489999999999998,99.22896880461568,3.347,97.72937754782085,5.003,95.65614995574506,3
12.13,99.24544546448367,13.73,98.27755381516684,0.8081,97.36469847953214,5.394,97.86739961548784,2.745,99.97551405240198,4.825,98.17355307840509,5.22,98.57061524949316,3
11.75,99.68380608268248,13.52,99.19118428595517,0.8082,98.35393545783823,5.444,99.6290500876156,2.678,99.90567881274345,4.378,98.48561925868037,5.31,99.76531148565053,3
11.49,99.74697588660976,13.22,99.98746924413481,0.8263,99.8009133126967,5.303999999999999,99.55681860963345,2.695,99.2329618616732,5.388,98.16740021811671,5.31,99.36474554836076,3
12.54,99.74791944217502,13.67,99.88727982664928,0.8425,99.46817227074997,5.4510000000000005,99.83093121112515,2.8789999999999996,99.3436557471307,3.082,98.35494906563,5.4910000000000005,95.47290413372508,3
12.02,98.84145940126955,13.33,99.59662635300545,0.8503,98.19462429584021,5.35,99.0502420361752,2.81,98.89251025596407,4.271,93.7328320774694,5.308,97.75759525356548,3
12.05,99.92056938735948,13.41,99.39636834683088,0.8416,99.6599115959055,5.267,99.47901518240738,2.847,99.6282079590159,4.988,95.89405641075217,5.046,98.83561682546365,3
12.55,99.59691903457836,13.57,99.67811228198605,0.8558,99.3548227365264,5.332999999999999,99.63901457308889,2.968,99.22066637800157,4.419,92.25551786172308,5.176,98.20997157240234,3
11.14,98.76910533057148,12.79,99.27053632441215,0.8558,99.01917365380515,5.011,98.67421228952698,2.7939999999999996,99.19008548145352,6.388,91.6327259315661,5.0489999999999995,99.99639108585046,3
12.1,99.38663008095438,13.15,99.59205990276472,0.8793,97.8938239117267,5.105,99.46512055852396,2.9410000000000003,98.91097390065347,2.201,93.03031999382523,5.056,96.06931822558725,3
12.44,99.78363474839857,13.59,99.34693840846975,0.8462,99.66657327912078,5.319,99.0838302925289,2.897,99.84443929104768,4.9239999999999995,95.28870830132567,5.27,98.25013896918844,3
12.15,99.3162990971242,13.45,99.73695294671244,0.8443,99.77455653047006,5.417000000000001,98.73669487428545,2.8369999999999997,99.68435764808773,3.638,94.25959442562889,5.337999999999999,97.24899276708814,3
11.35,99.61235758402206,13.12,99.27685929774866,0.8291,98.9235423498567,5.176,98.34687130367456,2.668,97.8715770104715,4.337,98.73394050573667,5.132000000000001,99.39509466569284,3
11.24,99.90512695580283,13.0,99.20458532143435,0.8359,99.85103917755698,5.09,98.16624208975759,2.715,99.17384780385704,3.5210000000000004,99.62652309559603,5.088,97.11514785543139,3
11.02,97.31820775524835,13.0,98.72916146099182,0.8189,97.84963136088034,5.325,98.78569760696668,2.701,98.1976210444689,6.735,88.42959307936479,5.162999999999999,96.48232178561345,3
11.55,98.1475423718353,13.1,99.45645159177664,0.8455,99.18233218655823,5.167000000000001,99.58291092035778,2.845,99.66882718308517,6.715,92.1661902729046,4.956,95.99541796727091,3
11.27,99.93864180089183,12.97,99.46521381583187,0.8419,99.91877691618679,5.088,98.98796679573593,2.763,99.73960034147447,4.309,98.10004058410628,5.0,98.39967041204844,3
11.4,99.29960727078351,13.08,99.65706062393087,0.8375,99.6981245749457,5.136,98.56561890528506,2.763,99.58222324415435,5.587999999999999,97.23523875043983,5.0889999999999995,99.94191094528145,3
10.83,98.56086036199547,12.96,99.89810735253359,0.8099,97.42039627617466,5.278,99.41548905724173,2.641,98.03676937387841,5.182,94.96520795256043,5.185,99.75761457559223,3
10.8,99.58274819934141,12.57,99.3549918089497,0.8590000000000001,99.35028828010168,4.981,99.52691710371153,2.821,98.006474692621,4.773,98.24936756683648,5.063,94.50910255655074,3
11.26,99.89815766370386,13.01,99.8923379484838,0.8355,99.219690045497,5.186,99.6779579798355,2.71,98.89672057535927,5.335,98.65947234102319,5.092,99.39303194878644,3
10.74,99.74378698889593,12.73,99.4934640477475,0.8329,98.84308305318537,5.145,99.13797024980326,2.642,98.98106585497577,4.702,99.53358282306073,4.963,98.921252860821,3
11.48,99.97677972685037,13.05,99.52562873832291,0.8473,98.04913616967387,5.18,99.85780486388074,2.758,97.90415118810266,5.876,98.03400917873356,5.002,97.0550514369328,3
12.21,98.95285979989109,13.47,99.70510726271424,0.8453,98.50248608835929,5.357,99.67475645271972,2.8930000000000002,98.57403398659802,1.661,67.98247471342255,5.178,98.08418198246719,3
11.41,99.10881176594543,12.95,99.90995034048399,0.856,97.44783511559983,5.09,99.80996652496341,2.775,97.43983665259844,4.957,96.45425097515876,4.825,97.26204051682,3
12.46,99.59828947667917,13.41,99.96213181369939,0.8706,99.9134701163408,5.236000000000001,99.64587561740612,3.017,99.18227024200093,4.987,93.95322017825143,5.147,97.29046481195903,3
12.19,99.47643202451708,13.36,99.84190079890593,0.8579,99.48101509480948,5.24,99.83594091288349,2.909,99.74110391328489,4.857,94.73564625168564,5.1579999999999995,98.21111680934783,3
11.65,99.87751408360846,13.07,99.94989640358882,0.8575,99.31955062078828,5.1080000000000005,99.07342334929909,2.85,99.59711214612653,5.209,99.1215999666747,5.135,97.36475838719146,3
12.89,99.52071464963957,13.77,99.50145564567896,0.8541,98.4886865309633,5.495,98.45473071529366,3.0260000000000002,98.20450657005884,6.185,98.34368698548506,5.316,99.70754992255193,3
11.56,99.7895252148772,13.31,99.61548243306805,0.8198,99.7350964625159,5.3629999999999995,99.78423461480611,2.6830000000000003,99.42473613442066,4.062,97.20152393480352,5.182,99.50709420452681,3
11.81,99.91819249982356,13.45,99.64644296361934,0.8198,99.33259494565318,5.412999999999999,99.91021086706917,2.716,99.81688414319414,4.898,98.61012217249841,5.352,99.43764710224595,3
10.91,99.59026838571279,12.8,99.88984868009496,0.8372,98.93009940236202,5.088,99.66711887443866,2.675,98.74454672054289,4.178999999999999,98.88392045559013,4.956,99.67736090413729,3
11.23,97.4000591673131,12.82,97.97722085320947,0.8594,98.70650014251049,5.0889999999999995,99.78408728850366,2.821,98.9896720439663,7.524,84.95694916924519,4.957,94.45609143898076,3
10.59,99.97559684569663,12.41,99.15545112692938,0.8648,98.90787501049716,4.899,99.43944734665513,2.787,99.86713762015737,4.975,98.61787971117887,4.794,98.44958889609397,3
10.93,99.28710306574818,12.8,99.96215781589702,0.8390000000000001,99.9628655079123,5.046,98.77490272045756,2.717,99.66515340425465,5.398,95.79670778378706,5.045,98.96454339864434,3
11.27,99.35907874100046,12.86,99.76792685015376,0.8563,99.11889622944243,5.091,99.57363201342336,2.804,99.89711917454578,3.985,96.0988810967063,5.001,97.33826661254147,3
11.87,98.95247861692164,13.02,99.29804603354624,0.8795,98.70000042329622,5.132000000000001,98.87147468284022,2.9530000000000003,99.49653028965027,3.597,93.22168331053723,5.132000000000001,94.4875943008953,3
10.82,99.87269047732565,12.83,99.74227017561805,0.8256,99.53609355889967,5.18,99.74610963927594,2.63,99.3296130681905,4.853,97.94490918677808,5.0889999999999995,99.96022747125356,3
12.11,99.63123338101632,13.27,99.89341799710913,0.8639,99.19237016628188,5.236000000000001,98.67582466518122,2.975,98.41390389692442,4.132,92.1287987893764,5.012,98.02768304993295,3
12.8,99.46127002583009,13.47,99.78796291321487,0.8859999999999999,99.85142952771004,5.16,99.95133977701815,3.1260000000000003,99.47480630220015,4.873,91.51034510422662,4.914,99.07759934337957,3
12.79,99.35355862554167,13.53,99.96965452723768,0.8786,98.7011279716554,5.224,99.96796880089171,3.054,99.12422467551801,5.483,93.85200155703546,4.958,98.54603256478806,3
13.37,98.83032833275406,13.78,99.93278019071627,0.8849,98.46886330407658,5.32,99.64995527551353,3.128,99.25360744940328,4.67,88.8413105109299,5.091,99.44117393749372,3
12.62,99.46905462918816,13.67,99.71064448885394,0.8481,99.95818480786123,5.41,99.66460482660983,2.911,99.95328913255672,3.306,93.41738777830948,5.231,98.63716180452455,3
12.76,99.58892214422838,13.38,99.81270291530213,0.8964,99.66815377975216,5.073,99.53484096627025,3.155,99.4578985783665,2.8280000000000003,94.08430985709002,4.83,97.29900990842287,3
12.38,99.81681063898606,13.44,99.66011192576634,0.8609,99.21435617428472,5.218999999999999,99.59703396593798,2.989,99.30943888697287,5.472,96.6614676671428,5.045,99.74800090526801,3
12.67,99.85885618849613,13.32,99.59581423449129,0.8977,99.18642389542912,4.984,98.21855774832794,3.135,99.6865298376642,2.3,97.35749472537019,4.745,97.89618995300361,3
11.18,98.7688123657441,12.72,99.52431037872861,0.868,97.53666456994154,5.0089999999999995,99.41143712072554,2.81,98.56979180902421,4.051,94.3276047231435,4.828,99.06179390219914,3
12.7,97.32563772506494,13.41,97.94937530440947,0.8874,98.41259648682733,5.183,99.09000087073312,3.091,98.76090897230875,8.456,85.1698360284085,5.0,92.6247279355519,3
12.37,99.78402428579815,13.47,99.1027626286178,0.8567,99.19229223939416,5.204,99.07315471471763,2.96,99.61325277552203,3.9189999999999996,92.70576542612919,5.001,98.75479527659769,3
12.19,98.87242362071812,13.2,99.87384868707854,0.8783,98.44664844101901,5.1370000000000005,99.36419291496559,2.9810000000000003,99.39586452898075,3.6310000000000002,90.1071739346457,4.87,99.16819160338702,3
11.23,99.60507128951377,12.88,99.63127913785745,0.8511,99.68687095982854,5.14,99.00309734332963,2.795,99.56148229084647,4.325,96.6892292364541,5.003,98.24926821936815,3
13.2,97.07495385377078,13.66,98.58928631336133,0.8883,98.79736397868874,5.236000000000001,99.27605907017268,3.2319999999999998,98.68008440511483,8.315,87.71374765683133,5.056,95.23962903396702,3
11.84,99.34278825965275,13.21,99.59176458921532,0.8521,99.21196914478497,5.175,99.43226960298925,2.8360000000000003,99.18329955476665,3.5980000000000003,94.6272369725066,5.044,98.31856308026964,3
12.3,99.71407515882716,13.34,99.57848468465802,0.8684,99.29659645028018,5.242999999999999,99.29072775917767,2.9739999999999998,99.9840431563027,5.6370000000000005,96.74842217313955,5.063,99.79998407722323,3
