Area,Area Confidence,Perimeter,Perimeter Confidence,Compactness,Compactness Confidence,Kernel Length,Kernel Length Confidence,Kernel Width,Kernel Width Confidence,Asymmetry Coefficient,Asymmetry Coefficient Confidence,Kernel Groove Length,Kernel Groove Length Confidence
15.26,99.82645959103723,14.84,99.98570297173828,0.871,99.31931143212138,5.763,99.11690064563525,3.312,99.75604357511806,2.221,96.66653852853476,5.22,96.42369703469998
14.88,98.51869101964266,14.57,99.786646927315,0.8811,98.94084982957914,5.553999999999999,99.50162227795659,3.333,99.70192216858075,1.018,53.78717481468161,4.956,94.89794019191517
14.29,99.5388320908897,14.09,99.76277383093091,0.905,99.06536579446843,5.291,99.62540486504359,3.3369999999999997,99.55320327197308,2.699,93.42772267490935,4.825,98.32138941133141
13.84,99.07852308010658,13.94,99.95180267432012,0.8955,96.8143711081491,5.324,98.6702153023097,3.3789999999999996,96.40024145533049,2.259,97.80432565967232,4.805,99.7157549901988
16.14,98.9059564188945,14.99,99.46609179042818,0.9034,99.34257396386266,5.6579999999999995,99.86784630629482,3.562,99.30540945133149,1.355,64.57608160741461,5.175,97.4499634988038
14.38,99.80496430835272,14.21,99.81990404370603,0.8951,99.64960901624697,5.386,99.80609769472612,3.312,99.92744255957102,2.4619999999999997,97.58226989996514,4.956,98.79351966854642
14.69,99.17658232036774,14.49,99.52663409007639,0.8799,99.37600923862934,5.563,99.93981021805256,3.259,99.41774864926802,3.5860000000000003,87.47417374656182,5.218999999999999,99.22523226101781
14.11,99.85477308494887,14.1,99.93042771803825,0.8911,99.25770524598408,5.42,98.94969697413272,3.302,98.6579073663351,2.7,93.42341920817721,5.0,99.92143330613276
16.63,99.60274892569507,15.46,99.37737541256762,0.8747,99.01326668960648,6.053,98.86164908857624,3.465,98.82947012353793,2.04,85.40977590027943,5.877000000000001,98.35146677810044
16.44,99.6240023530183,15.25,99.44746597207423,0.888,99.59434977039075,5.8839999999999995,99.12835627172673,3.505,99.3401293267749,1.969,85.29210726827823,5.5329999999999995,99.39842531397028
15.26,98.82304102479468,14.85,99.2735384801224,0.8696,98.3950784894616,5.7139999999999995,99.80165973516235,3.242,97.9609744776677,4.543,86.0206707668748,5.314,96.63342993884646
14.03,99.60546742698777,14.16,99.956380174335,0.8796,99.88360017184715,5.438,99.75873927343912,3.201,99.74999368135909,1.7169999999999999,83.47997693761852,5.001,97.82766442167959
13.89,98.6148220352406,14.02,99.88613068864682,0.888,98.09559067972918,5.439,98.04456654769153,3.199,98.7356401754936,3.986,83.75178792417293,4.738,93.74440687105563
13.78,99.17614737214024,14.06,99.96102289139908,0.8759,99.29552173383063,5.479,98.48326067254858,3.156,99.52015974760003,3.136,87.16822341919733,4.872,95.63477025478159
13.74,98.97174864145443,14.05,99.97548130094853,0.8744,98.28009923311579,5.482,98.59868474937232,3.114,98.43870129005666,2.932,87.73353007831003,4.825,94.16943921782405
14.59,98.98106728666939,14.28,99.31462077246273,0.8993,98.46209247596572,5.351,99.53791637010315,3.333,98.55937280015321,4.185,85.9573247070505,4.781000000000001,95.36456137035185
13.99,99.33710085969277,13.83,99.65353838740026,0.9183,99.01531679478262,5.119,99.17766753405807,3.383,99.88137266762648,5.234,90.51914304371375,4.781000000000001,99.50747898470598
15.69,99.23743598338588,14.75,99.76655419262728,0.9058,99.85899051250654,5.527,99.40461325527707,3.514,99.77613550858642,1.599,74.91144222596105,5.046,97.53549315489393
14.7,99.24470214942794,14.21,99.63808974571957,0.9153,99.79228859171398,5.205,98.23004923586801,3.466,99.89062535617957,1.767,82.05335503627738,4.649,96.78426609846392
12.72,99.58089714021743,13.57,99.30633762144173,0.8686,99.47410452426459,5.226,99.73440574565937,3.049,99.56499507520026,4.102,90.32746107493435,4.914,99.9555197373225
14.16,99.50778721239645,14.4,99.69672089928206,0.8584,99.65919769399636,5.6579999999999995,98.88184495292796,3.1289999999999996,99.94560577956928,3.072,89.63169066860647,5.176,97.1885553774753
14.11,99.61564538547645,14.26,99.73718707900389,0.8722,99.78142585206099,5.52,99.95715022015634,3.168,99.76463251485777,2.688,95.04407890812332,5.218999999999999,99.95184767376325
15.88,98.32008140209929,14.9,99.32814040750169,0.8988,99.43790893979738,5.617999999999999,99.27126405698932,3.5069999999999997,99.74979334870055,0.7651,39.399221422224805,5.091,95.78640240578645
12.08,99.1068011973597,13.23,99.95167614418841,0.8664,99.83824479254022,5.099,98.42166171563792,2.9360000000000004,99.8282074095237,1.415,68.70406834883954,4.961,97.79554477913447
15.01,99.73582910050041,14.76,99.67711763606323,0.8657,99.96376004751656,5.789,98.38900982404736,3.245,99.38899237513876,1.791,88.1601971546266,5.001,92.14766642519037
16.19,98.95133878382022,15.16,99.11567683490301,0.8849,99.07683525753535,5.832999999999999,99.96321324130191,3.4210000000000003,98.89069256364762,0.903,46.65637712671094,5.307,94.84109988685614
13.02,99.14747665646044,13.76,99.79495355557432,0.8641,99.37821824645849,5.395,98.71044168104599,3.0260000000000002,99.3545671224332,3.373,87.66469499232356,4.825,95.71439411207301
12.74,99.57641788945563,13.67,99.99342621760519,0.8564,99.44179873049431,5.395,98.91321970776055,2.9560000000000004,99.27885214092328,2.504,96.27145052442188,4.869,96.18578219292756
14.11,99.39343649850181,14.18,99.67101658656479,0.882,99.5874549017876,5.541,98.17135563252126,3.221,99.76252550349749,2.7539999999999996,90.72642900332555,5.038,97.86777148730019
13.45,99.30303268741287,14.02,99.74334522849205,0.8604,99.8435296221731,5.516,98.80027562837896,3.065,99.88490331156217,3.531,88.07291843486522,5.0969999999999995,98.28089346087782
13.16,99.39336314054962,13.82,98.92447870487497,0.8662,97.75613192905928,5.454,99.72649189104158,2.975,97.87640974461887,0.8551,48.73547725713845,5.056,96.41606910150291
15.49,99.77937252127738,14.94,99.44405193630634,0.8724,98.64955820528604,5.757000000000001,99.21775532339237,3.3710000000000004,99.24119646667651,3.412,88.3968613822672,5.228,97.0925307938495
14.09,99.99060592612136,14.41,99.68467050142863,0.8529,96.80432533642718,5.7170000000000005,97.83891006664855,3.1860000000000004,97.08433139112505,3.92,87.69723433398295,5.2989999999999995,99.67995091730558
13.94,99.72149288770599,14.17,99.46376359377031,0.8728,99.39340484586609,5.585,98.09381273551033,3.15,99.76195160476536,2.124,98.94284273673144,5.012,96.11865133894145
15.05,99.72145492251767,14.68,99.7136792761521,0.8779,98.99031535860982,5.712000000000001,98.96765972871961,3.3280000000000003,98.82895310037692,2.129,93.37782131151444,5.36,99.97530895234476
16.12,99.84103761965082,15.0,99.6477711276639,0.9,98.94021070442889,5.709,99.98654206488777,3.485,99.58941307185604,2.27,93.69724316850653,5.443,99.55529958697933
16.2,99.62431110561808,15.27,99.35212530205206,0.8734,97.78491877657962,5.8260000000000005,99.60477432960843,3.464,98.64999825034751,2.823,98.32605951181878,5.527,99.57752510652969
17.08,99.94053030782025,15.38,99.65752205987248,0.9079,99.5715022981134,5.832000000000001,99.0786875885811,3.6830000000000003,98.92144464088778,2.9560000000000004,97.16855993328653,5.484,99.58439620526815
14.8,99.28544423825673,14.52,99.82134648208151,0.8823,99.6306865634416,5.656000000000001,98.6084926787458,3.2880000000000003,99.73724265502688,3.112,89.14224098224992,5.309,99.99280772010364
14.28,99.89398562672478,14.17,99.81978341073271,0.8944,98.97281450791908,5.397,99.95928621109555,3.298,99.28643212581709,6.685,96.48008661114146,5.001,95.41948382337382
13.54,99.3874035491702,13.85,99.81548815454353,0.8871,98.95495058444045,5.348,99.83621963293689,3.156,99.85995262892628,2.5869999999999997,96.3615509246619,5.178,97.27588733424858
13.5,99.79322877187275,13.85,99.77017000602541,0.8852,99.53670151280932,5.351,99.9080155608683,3.158,99.68877298847836,2.249,96.77832402159018,5.176,97.22209624482299
13.16,99.58301788343859,13.55,99.95811058321806,0.9009,99.11247957276332,5.138,99.87060717583371,3.201,99.99834628094067,2.461,96.73811882683786,4.783,99.3727311975905
15.5,99.10219767598868,14.86,99.4505264531681,0.882,99.45280340793524,5.877000000000001,96.89056963776159,3.3960000000000004,98.41243976804665,4.711,85.29434956435482,5.528,99.74868596050025
15.11,99.84841645537993,14.54,99.85343493883838,0.8986,98.61521813304218,5.579,98.44938093909391,3.4619999999999997,97.90621378146986,3.128,90.14983023140171,5.18,99.0511511255244
13.8,99.62758296639885,14.04,99.96232885209344,0.8794,99.19661665364879,5.376,99.24812069212349,3.155,99.01710273417862,1.56,78.26502889604687,4.961,97.58653632435505
15.36,99.12935593300305,14.76,99.33771999122976,0.8861,99.4269918820111,5.7010000000000005,99.04135603418206,3.3930000000000002,99.42953301602863,1.367,69.36514705216482,5.132000000000001,96.09060466618173
14.99,99.80849310751204,14.56,99.78362054523465,0.8883,99.21710174286645,5.57,99.45402336087629,3.377,99.03807734045483,2.958,91.95993824513631,5.175,99.80363081969212
14.79,99.69942376353707,14.52,99.59372213406404,0.8819,99.77386909798697,5.545,99.80841570258538,3.2910000000000004,99.57941102328336,2.7039999999999997,94.46206904826974,5.111000000000001,98.03506708294552
14.86,99.6194513738206,14.67,99.78415948141709,0.8676,98.89577840427725,5.678,99.96268489740591,3.258,99.39760814518446,2.129,92.149785130889,5.351,99.62528687901296
14.43,99.52038427836072,14.4,99.6270976657702,0.8751,98.81342333027523,5.585,98.75669512861435,3.272,98.79048845197605,3.975,86.47478186881048,5.144,98.82685184328447
15.78,99.09370506246005,14.91,99.70687411148245,0.8923,98.73308779975574,5.6739999999999995,99.43194639933792,3.4339999999999997,98.86291438377228,5.593,88.16742671109235,5.136,94.83996592658718
14.49,99.08667455992845,14.61,99.30061906641659,0.8538,99.59555671845847,5.715,99.81433406149691,3.113,98.93707793027514,4.1160000000000005,87.09666076136608,5.396,98.336899052323
14.33,98.87398478451709,14.28,99.83085178825326,0.8831,98.20335525245738,5.504,99.86437922238056,3.199,98.69369648004562,3.3280000000000003,88.1277192344089,5.224,99.97820082501713
14.52,99.480454709033,14.6,99.72977886961604,0.8557,99.76017305325958,5.7410000000000005,99.8981561458136,3.113,99.24775102993291,1.4809999999999999,72.19377719907402,5.487,99.13406274887673
15.03,99.84158539626033,14.77,99.7742272157668,0.8658,99.51963969310734,5.702000000000001,99.14246975600773,3.2119999999999997,98.90786943192674,1.933,86.35716889162777,5.439,99.172431837082
14.46,99.17584034732556,14.35,98.92660198922977,0.8818,96.51691545408217,5.388,98.97099838052927,3.377,97.25496745767275,2.802,97.19446927759371,5.044,98.4241190059755
14.92,98.66255592021305,14.43,99.91167312539105,0.9006,99.36623637967274,5.3839999999999995,98.14421481606414,3.412,99.52721325091392,1.1420000000000001,57.06058206101963,5.088,99.88554661430838
15.38,99.40633654082514,14.77,99.89678326526406,0.8857,98.60125277160125,5.662000000000001,99.51134605672762,3.4189999999999996,98.71660371316764,1.999,88.83503932148598,5.222,98.82487143898831
12.11,96.88563727837773,13.47,98.69573819228117,0.8392,93.59770737184263,5.159,98.8600093113984,3.032,95.52365771408526,1.5019999999999998,69.70829628812628,4.519,96.21044070871604
11.42,99.19732136622434,12.86,99.93406470212413,0.8683,98.07930210631443,5.008,99.85206725543397,2.85,98.48903731685168,2.7,96.8846335870303,4.607,98.04825709639948
11.23,99.17335225930421,12.63,99.32545523453666,0.884,97.40190175617597,4.902,99.92756950704643,2.8789999999999996,98.75448189608353,2.269,95.75967180693037,4.703,97.85817045564478
12.36,98.63423003960513,13.19,99.80070612063098,0.8923,97.50749422308473,5.0760000000000005,99.2373675032763,3.042,98.53854626990683,3.22,88.23035973125965,4.605,97.65803451260156
13.22,99.19196210537248,13.84,99.66222509632144,0.868,99.81014512154215,5.395,99.40968422548659,3.07,99.99797427862629,4.157,88.53486507405196,5.088,99.7524931310112
12.78,99.1684688182946,13.57,99.5595983663935,0.8716,99.42452161330459,5.2620000000000005,99.83515572456399,3.0260000000000002,99.32906068326245,1.176,63.850340921730854,4.782,96.52057060940086
12.88,99.7111774716784,13.5,99.79903878519197,0.8879,99.16997439646376,5.138999999999999,99.83530984921697,3.1189999999999998,99.40955171745289,2.352,97.85718842228808,4.607,96.91414355821726
14.34,99.38739225702967,14.37,99.2880057722795,0.8726,99.730263368471,5.63,99.06731734737826,3.19,99.7819466152892,1.3130000000000002,69.24124152503907,5.15,96.77556118339383
14.01,99.74350010044012,14.29,99.98927242401466,0.8625,98.76383256195386,5.609,98.84348012212895,3.158,99.03664010306437,2.217,97.39155488333985,5.132000000000001,97.88905465287789
14.37,99.69893261646584,14.39,99.74477117571931,0.8726,98.73177385039659,5.569,99.30082496654283,3.153,98.58263839976196,1.464,72.86481443854123,5.3,99.02574400771812
12.73,99.07615536602154,13.75,99.41122052288556,0.8458,98.86038946497432,5.412000000000001,99.94294711992404,2.8819999999999997,98.21419008805023,3.533,90.57214020404722,5.067,97.69157730010785
17.63,99.71638753620036,15.98,99.66265348381826,0.8673,98.48822008056037,6.191,99.39488303151653,3.5610000000000004,98.95545358373481,4.0760000000000005,90.18514794778555,6.06,98.1994732794978
16.84,99.92152998864752,15.67,98.91925394749599,0.8623,97.49810206416375,5.997999999999999,99.38346907383257,3.484,98.6926199122901,4.675,89.33495215287257,5.877000000000001,98.14328465124117
17.26,99.89057991609239,15.73,99.18842040781203,0.8763,97.90978347688277,5.978,99.6963043024722,3.594,98.67802012819595,4.539,89.4925129274859,5.791,98.58461754750167
19.11,99.53613507778675,16.26,99.31666016734883,0.9081,98.58503874371041,6.154,99.30030884375006,3.93,98.0211462634572,2.9360000000000004,91.73791302958224,6.079,96.41696351958602
16.82,99.26953261281902,15.51,99.9722352381466,0.8786,99.94691580212725,6.017,99.0148000581755,3.486,99.74028571659005,4.004,88.12211469259334,5.841,98.58722618589255
16.77,99.61352654113571,15.62,98.71022121613952,0.8638,99.0483167749806,5.9270000000000005,98.49068264252374,3.438,99.66783544322554,4.92,89.24207666206365,5.795,99.47827005334278
17.32,99.30188460455672,15.91,98.93641054265278,0.8599,98.80409600730852,6.064,98.27180427903419,3.403,97.67734058341718,3.824,91.15896565340792,5.922000000000001,99.2947443040364
20.71,99.2556430293169,17.23,99.86609481819858,0.8763,97.03838247811657,6.579,99.77654947585815,3.8139999999999996,97.36806210357929,4.4510000000000005,95.63533192792582,6.4510000000000005,98.34651330942589
18.94,98.88016142781922,16.49,99.5841147864505,0.875,98.01652322577696,6.445,98.56650463510513,3.639,98.79036932165644,5.064,88.72874344170091,6.362,99.52168977912801
17.12,99.97797424530917,15.55,99.57857848117288,0.8892,99.97801891111094,5.85,98.63123181883253,3.5660000000000003,99.75145000660554,2.858,98.4763853974502,5.746,97.98324048471704
16.53,99.24314942990058,15.34,99.64830530742478,0.8823,99.64718551047994,5.875,99.73203732210288,3.467,99.88201532821681,5.532,89.74588390001276,5.88,97.32704814673986
18.72,99.94295672919684,16.19,99.29528297561967,0.8977,98.296155995871,6.006,98.94614610970143,3.8569999999999998,98.84526478410196,5.324,92.55014411353783,5.879,98.35214463431419
20.2,99.47489793514303,16.89,99.51549270632142,0.8894,98.14083129151008,6.285,98.38697006451193,3.864,98.00293255428669,5.172999999999999,94.30473992842889,6.187,99.13818278786049
19.57,98.81127982679322,16.74,99.31609317929008,0.8779,99.78285122257623,6.3839999999999995,99.08304558817608,3.772,99.61145019417845,1.472,55.21467645246856,6.273,99.5510849448177
19.51,99.63818400990986,16.71,99.94515985476164,0.878,99.10304260764119,6.3660000000000005,99.82028501547579,3.801,99.71104184892758,2.9619999999999997,92.04275484116486,6.185,99.95063050503703
18.27,99.90960094212274,16.09,99.49833243596667,0.887,99.40113244528254,6.172999999999999,99.82579045489625,3.6510000000000002,99.81475330460874,2.443,87.17470076814719,6.197,97.04836013239938
18.88,99.10119905239168,16.26,99.53713458403615,0.8969,99.29922194845268,6.084,98.03267117513352,3.764,99.2701724595201,1.649,61.72555371727212,6.109,98.08780729327775
18.98,99.95366895961833,16.66,99.78878051387468,0.8590000000000001,98.0720500812431,6.5489999999999995,98.52726532488147,3.67,98.48548213032376,3.6910000000000003,95.37612014202517,6.497999999999999,97.61572608392332
21.18,99.36536445061978,17.21,99.16475481335686,0.8989,97.94117957260286,6.5729999999999995,98.26244189936666,4.033,98.99642842242301,5.78,93.4329771203426,6.231,96.72856455572835
20.88,99.57797593781879,17.05,99.40197578688742,0.9031,98.72784021366276,6.45,99.23888011044359,4.032,99.62247634643208,5.016,95.50055985370531,6.321000000000001,99.81307681427319
20.1,99.42368169769634,16.99,98.96725671449342,0.8746,99.13257372845653,6.581,99.5819193194113,3.785,99.19421467023946,1.955,69.12209260558895,6.449,99.21651196194692
18.76,99.97008924928102,16.2,99.50833279316139,0.8984,99.98133867989225,6.172000000000001,99.44759029766492,3.7960000000000003,99.41550953867912,3.12,97.7161532476701,6.053,97.95680550040672
18.81,99.36436756033417,16.29,99.37811488846648,0.8906,97.7397724639661,6.272,99.13730182915195,3.693,98.5891012852268,3.237,98.15157679367546,6.053,99.31941018500612
18.59,99.75314573374153,16.05,99.93604382254617,0.9066,99.36556320029453,6.037000000000001,99.53582412471815,3.86,98.93604453177024,6.001,91.9684749583451,5.877000000000001,98.92867125893025
18.36,99.04977417093328,16.52,99.54317021604567,0.8452,99.86214081582979,6.666,97.0161136212189,3.485,99.84459546742808,4.933,86.50951544570972,6.4479999999999995,99.33477901912296
16.87,99.6394633717857,15.65,99.95730311038388,0.8648,98.60063736073073,6.138999999999999,98.61613169843221,3.463,98.72690902138062,3.696,89.78379564697843,5.9670000000000005,98.24316472932742
19.31,99.8490925238733,16.59,99.91467501003785,0.8815,98.71275006285993,6.341,99.68622545466259,3.81,98.99707119377882,3.477,99.79296117053633,6.2379999999999995,98.18517017024297
18.98,99.7896163091344,16.57,99.26909841453775,0.8687,96.86493546972808,6.449,99.71305982266836,3.552,97.23402481634137,2.144,79.10295807576333,6.452999999999999,99.86335516032568
18.17,99.78645620400053,16.26,99.81695087456353,0.8637,99.13639160370646,6.271,99.1532796251249,3.512,98.63899984236177,2.853,95.74507855992313,6.273,98.54151331525995
18.72,99.54171646918907,16.34,99.76829921202395,0.8809999999999999,99.70974191398027,6.218999999999999,99.16939056230379,3.6839999999999997,99.36863251302891,2.188,79.44022401800005,6.097,99.71495211370365
16.41,99.77991751836687,15.25,99.00703775812147,0.8866,98.75733479879167,5.718,98.61568293447918,3.525,99.23606817685487,4.217,90.07162706397345,5.617999999999999,97.15198597575613
17.99,99.40134913225151,15.86,99.90190631656463,0.8992,99.66078632648447,5.89,97.75108401751805,3.694,99.43178339891224,2.068,77.03393993046119,5.837000000000001,98.13602982124347
19.46,99.9657297217566,16.5,99.51195088945097,0.8985,99.6810015944099,6.1129999999999995,98.6079818427489,3.892,99.98989899896767,4.308,96.35837825343458,6.0089999999999995,98.7481288743205
19.18,99.77167814119976,16.63,99.88357570867767,0.8717,99.32541939001679,6.369,99.62842891029113,3.681,98.91121355435618,3.3569999999999998,99.95608270805843,6.229,99.76066456998723
18.95,99.96365684545596,16.42,99.947360653065,0.8829,99.39721791441917,6.247999999999999,99.79387046773151,3.755,99.65215152541113,3.3680000000000003,99.72378164816496,6.148,98.42141357390611
18.83,99.3607924873549,16.29,99.5785426780826,0.8917,99.40293424742886,6.037000000000001,97.87755549816272,3.786,99.76100537248054,2.553,84.76829003436521,5.879,99.705086686757
18.85,99.92770437682951,16.17,99.19678540705539,0.9056,99.09940143157783,6.152,99.73622291973183,3.806,99.78642049358594,2.843,92.03164713854827,6.2,96.11259654574972
17.63,99.55534819180951,15.86,99.54125596616258,0.88,99.8119356021554,6.0329999999999995,99.34491925659079,3.573,99.56968125112681,3.747,92.48858887645461,5.928999999999999,98.47692689310243
19.94,99.57160711447963,16.92,98.81637334947914,0.8752,98.68417174231612,6.675,97.71592471218231,3.763,99.63801235971336,3.252,98.45094216919266,6.55,99.5738484420402
18.55,99.36877342202834,16.22,99.55384551724374,0.8865,98.99785909842367,6.153,99.0964413744478,3.674,98.73524642091506,1.7380000000000002,68.43477224281035,5.894,98.03149081885431
18.45,99.26428721712493,16.12,99.68877588043642,0.8921,98.82500913993883,6.107,99.99059364457212,3.7689999999999997,99.15056920042032,2.235,81.98359578846124,5.794,99.29032838538132
19.38,99.68053496287527,16.72,99.27804039025358,0.8716,98.21640317834624,6.303,99.1938821981913,3.7910000000000004,99.72517709764415,3.678,98.50951398154501,5.965,97.94478754027173
19.13,99.10529552932567,16.31,99.11701864646798,0.9035,98.83671736061561,6.183,99.38917992799226,3.9019999999999997,98.61543965765925,2.109,75.52756427334195,5.9239999999999995,99.66711955186575
19.14,99.86968710835407,16.61,99.20770568796556,0.8722,99.53515603368606,6.2589999999999995,98.88765584001975,3.737,99.26585333616373,6.682,93.37997463331493,6.053,97.51052535012143
20.97,99.82721384553692,17.25,99.72242253553092,0.8859,99.90012816925447,6.563,99.25891883902545,3.991,99.8804726275014,4.677,96.16334578993332,6.316,98.60752607715429
19.06,99.93512874816098,16.45,98.77965941734831,0.8854,98.73352715165083,6.416,98.38222235178834,3.719,99.49891043815987,2.248,83.02728316627459,6.162999999999999,98.99091122160762
18.96,99.85563021562048,16.2,99.95014857594654,0.9077,99.57822723644318,6.051,99.8669616356434,3.897,99.38492353173733,4.334,93.47443389009477,5.75,99.7201161613009
19.15,99.73798896308193,16.45,99.82657824614694,0.889,99.13105137845561,6.245,99.85108121347301,3.815,99.21140567656438,3.0839999999999996,94.43658746955315,6.185,97.62623848324871
18.89,99.29582152707657,16.23,99.25816979934797,0.9008,98.02304816613255,6.227,98.63790395776168,3.7689999999999997,99.18194786514596,3.639,94.39508770751422,5.966,99.44736106122564
20.03,99.80222836481191,16.9,99.46652320958863,0.8811,99.72077478918709,6.492999999999999,99.29078611699185,3.8569999999999998,99.75876927489013,3.063,92.41073832238767,6.32,99.92020447762306
20.24,99.98435214342311,16.91,99.5776543639736,0.8897,99.10904344969204,6.315,99.26196256520933,3.9619999999999997,99.70381914484445,5.901,94.26579654929176,6.188,99.95776553245568
18.14,99.44559810560467,16.12,99.20440736984814,0.8772,98.32867235061379,6.059,97.86690800816687,3.563,97.76919412946427,3.6189999999999998,95.52098097801158,6.011,99.36725804678757
16.17,99.89824143988761,15.38,98.07775315103929,0.8588,97.65747857557216,5.7620000000000005,97.11576115210823,3.387,99.63028044787376,4.2860000000000005,91.15708053791994,5.702999999999999,97.84109062079926
18.43,99.8735994633946,15.97,99.770552667431,0.9077,98.91726426869486,5.98,99.22031734392375,3.7710000000000004,99.55220057329618,2.984,95.61825012409881,5.905,97.81584249754968
15.99,99.71593877966839,14.89,98.43224044198367,0.9064,98.83540870852816,5.3629999999999995,96.39777224593512,3.582,99.69738783253767,3.3360000000000003,95.97424844193183,5.144,98.33899889673732
18.75,99.94020118252409,16.18,99.99194257189252,0.8999,98.1821942784882,6.111000000000001,99.51526724202806,3.8689999999999998,98.06126797356079,4.188,93.89329735982118,5.992000000000001,97.00728221419503
18.65,99.19103735305055,16.41,99.56590086196556,0.8698,98.43548710256732,6.285,99.5893513992238,3.594,98.08536390662564,4.391,90.36409693051314,6.102,98.81066018015719
17.98,99.7180524502495,15.85,99.65817518363697,0.8993,99.39915862029808,5.979,99.11863991737165,3.687,99.75149965296701,2.2569999999999997,83.42373676492852,5.919,97.75905503338797
20.16,99.39896161787144,17.03,99.38028821749874,0.8735,98.46613879123677,6.513,99.52009138106307,3.773,97.99835645406327,1.91,67.79914378947491,6.185,95.88570583299388
17.55,99.6810975329798,15.66,99.10414720041973,0.8991,99.71793192172275,5.791,98.29218560970112,3.69,99.94981387764275,5.3660000000000005,91.05884829760672,5.6610000000000005,98.87202607470968
18.3,99.78963070727285,15.89,99.4978833307995,0.9108,98.50688237069534,5.979,99.52407305554718,3.755,99.52384017773647,2.8369999999999997,94.04522974983006,5.962000000000001,96.9550892926982
18.94,99.59716002433115,16.32,99.95305316157416,0.8942,99.06395648714798,6.144,99.58510298559526,3.825,99.32975545678615,2.908,92.51632650986458,5.949,99.23530813585765
15.38,98.81207094807995,14.9,99.8000725440795,0.8706,99.15386116070628,5.8839999999999995,98.48772223570388,3.2680000000000002,99.91704331743885,4.462,86.64663156825448,5.795,97.65180498684839
16.16,99.79943784251327,15.33,98.82797437304939,0.8644,98.24739340271829,5.845,98.73406530349341,3.395,99.27360078060634,4.266,89.84565085785495,5.795,97.1833747630338
15.56,99.47368510785665,14.89,99.93607886371525,0.8823,98.78663075483853,5.776,99.2412107566291,3.408,98.1052561997061,4.9719999999999995,89.2225582747195,5.847,94.48648938723666
15.38,99.78295919938354,14.66,99.26802768501187,0.899,99.09434290188734,5.477,98.58590851658745,3.465,98.88038253671068,3.6,91.52552337653694,5.439,95.05564091124886
17.36,99.6775819728032,15.76,99.73480067511245,0.8785,98.9676945460521,6.145,98.41961538108417,3.574,98.65807327117369,3.5260000000000002,91.63718315965824,5.971,97.96169136387108
15.57,99.97826134167873,15.15,99.57131863597478,0.8527,99.21729941799308,5.92,99.50789435546716,3.2310000000000003,99.94720672812501,2.64,98.59449987916071,5.879,97.48739314673512
15.6,99.84135485240242,15.11,99.28285183353324,0.858,98.58310767262992,5.832000000000001,99.02349776372263,3.286,99.51167700908174,2.725,99.7063730693052,5.752000000000001,97.54441117233887
16.23,99.5006253953444,15.18,99.96132234640987,0.885,99.23735679439146,5.872000000000001,99.36223497900897,3.472,98.55938355073216,3.7689999999999997,90.31632316007038,5.922000000000001,94.57298985908764
13.07,99.96004301307934,13.92,99.48782096695288,0.848,98.76303444166783,5.472,99.83655473237322,2.9939999999999998,99.1757338840609,5.303999999999999,94.52652391732025,5.395,98.40044723242379
13.32,99.25326250915823,13.94,99.10233947785233,0.8613,99.49928105984756,5.541,98.91811206087556,3.073,99.11945726352404,7.035,97.89055910393095,5.44,98.97280362932841
13.34,99.87025793095167,13.95,99.49208926838958,0.862,99.45087028100713,5.388999999999999,98.98139741428625,3.074,99.87196767878648,5.995,96.76081197830402,5.307,99.45013181867152
12.22,99.9529866384847,13.32,99.77901589295521,0.8652,99.9062966643669,5.224,99.89455976296412,2.967,99.22047370652011,5.468999999999999,97.611958703025,5.221,97.04981638001212
11.82,99.81192181002908,13.4,99.2346507784496,0.8274,98.64935557219168,5.314,99.44633334344377,2.7769999999999997,99.60317228266955,4.471,96.95521750810249,5.178,99.41813598670444
11.21,98.15379809029375,13.13,99.8500877459462,0.8167,98.19821647423893,5.279,99.35075646560162,2.687,99.1495759889172,6.169,92.44398524061546,5.275,99.45721739663726
11.43,99.53212093444336,13.13,99.56005035125126,0.8335,99.92758195708141,5.176,98.47863635635969,2.719,99.33854184006248,2.221,85.72057208595106,5.132000000000001,97.54553160369062
12.49,99.06078906909667,13.46,99.87434723404252,0.8658,98.9942626636815,5.267,99.49451558397277,2.967,99.38710651883788,4.421,90.67478935693497,5.002,99.72103612602015
12.7,99.4847816440473,13.71,99.49790970650163,0.8491,99.82319477460089,5.386,99.45677525071834,2.911,99.58288919727295,3.26,94.81545613528822,5.316,97.36006896578097
10.79,98.37555786790033,12.93,99.41186714518689,0.8107,97.36370368579863,5.317,98.54152952867952,2.648,97.53035126296407,5.462000000000001,94.25792350937348,5.194,99.68176037904544
11.83,99.86082892193978,13.23,99.74278178951705,0.8496,99.80679627355411,5.263,99.81252210455057,2.84,99.70796727025399,5.195,98.58669013352211,5.307,96.95563575892564
12.01,98.24214301584503,13.52,99.65914474809432,0.8249,99.25521281605731,5.405,99.33797977423299,2.7760000000000002,99.45057599998542,6.992000000000001,92.43693741858972,5.27,95.87850903477798
12.26,99.95667564602105,13.6,99.48505661531229,0.8333,98.98917425662128,5.4079999999999995,99.7704218447839,2.833,99.5641416806037,4.756,96.03876656678352,5.36,98.1879573097149
11.18,99.94112647802591,13.04,99.66004720409354,0.8266,99.38767892292805,5.22,99.8592764576543,2.693,99.93897297917343,3.332,99.88926434502044,5.001,99.97072043178325
11.36,99.99466439534108,13.05,99.71153573388665,0.8382,99.50527978172909,5.175,99.33043268048084,2.755,99.45932972038895,4.048,99.46487911130892,5.263,95.3946747144223
11.19,99.16036860161304,13.05,99.67816610958431,0.8253,99.99859856710526,5.25,99.71815871636774,2.675,99.4800916464733,5.813,95.04401259242537,5.218999999999999,99.37542112485403
11.34,99.70782845548352,12.87,99.97294706491493,0.8596,99.9907197628431,5.053,99.98829031308006,2.8489999999999998,99.22896880461568,3.347,97.72937754782085,5.003,95.65614995574506
12.13,99.25109635093433,13.73,98.27755381516684,0.8081,97.43236344471367,5.394,97.91192980842231,2.745,99.97552004655054,4.825,98.17355307840509,5.22,98.59075872931419
11.75,99.68480271731787,13.52,99.19118428595517,0.8082,98.38059195938766,5.444,99.63042104044226,2.678,99.90567881274345,4.378,98.48561925868037,5.31,99.76586098303096
11.49,99.7476144828269,13.22,99.98746924413481,0.8263,99.8009133126967,5.303999999999999,99.55877404097333,2.695,99.23880055175002,5.388,98.20038004940602,5.31,99.36474554836076
12.54,99.74791944217502,13.67,99.88727982664928,0.8425,99.47098571540714,5.4510000000000005,99.83093121112515,2.8789999999999996,99.3436557471307,3.082,98.35494906563,5.4910000000000005,95.47290413372508
12.02,98.84145940126955,13.33,99.59824691905995,0.8503,98.19462429584021,5.35,99.0502420361752,2.81,98.90464124187076,4.271,93.7328320774694,5.308,97.75759525356548
12.05,99.92056938735948,13.41,99.39636834683088,0.8416,99.66106427699675,5.267,99.481715366659,2.847,99.6295851320137,4.988,95.89405641075217,5.046,98.84901865854559
12.55,99.59691903457836,13.57,99.67811228198605,0.8558,99.35895858995347,5.332999999999999,99.63901457308889,2.968,99.22066637800157,4.419,92.25551786172308,5.176,98.20997157240234
11.14,98.7840721220058,12.79,99.27581896202963,0.8558,99.01917365380515,5.011,98.69155943375313,2.7939999999999996,99.19659239627916,6.388,92.27878144913936,5.0489999999999995,99.99639121608837
12.1,99.38663008095438,13.15,99.59371729283538,0.8793,97.8938239117267,5.105,99.4679662974208,2.9410000000000003,98.92270591441225,2.201,93.48443408845155,5.056,96.06931822558725
12.44,99.78363474839857,13.59,99.34693840846975,0.8462,99.6676813184037,5.319,99.09214775974273,2.897,99.84468090653063,4.9239999999999995,95.28870830132567,5.27,98.25013896918844
12.15,99.3162990971242,13.45,99.73764306888881,0.8443,99.77455653047006,5.417000000000001,98.73669487428545,2.8369999999999997,99.68435764808773,3.638,94.25959442562889,5.337999999999999,97.24899276708814
11.35,99.61235758402206,13.12,99.27685929774866,0.8291,98.9235423498567,5.176,98.37375522275961,2.668,97.91593473469503,4.337,98.73394050573667,5.132000000000001,99.39509466569284
11.24,99.90512695580283,13.0,99.20458532143435,0.8359,99.85103917755698,5.09,98.19926324249104,2.715,99.18061715324036,3.5210000000000004,99.6279127555184,5.088,97.11514785543139
11.02,97.3882494781944,13.0,98.74510909819448,0.8189,97.89489879697199,5.325,98.78569760696668,2.701,98.1976210444689,6.735,89.62950190827416,5.162999999999999,96.60185750389282
11.55,98.18123423695134,13.1,99.45939006845424,0.8455,99.1889637687763,5.167000000000001,99.5846433276796,2.845,99.66882718308517,6.715,92.73529355318048,4.956,96.149609993655
11.27,99.93864180089183,12.97,99.46521381583187,0.8419,99.9188428345393,5.088,98.99810629272498,2.763,99.74027666016451,4.309,98.10004058410628,5.0,98.39967041204844
11.4,99.30447865173689,13.08,99.65706062393087,0.8375,99.69903311999397,5.136,98.58590245315779,2.763,99.58396135690055,5.587999999999999,97.30962129825218,5.0889999999999995,99.94191094528145
10.83,98.58127775615976,12.96,99.89821106797126,0.8099,97.48526643681488,5.278,99.41548905724173,2.641,98.03676937387841,5.182,95.20654827862603,5.185,99.75761457559223
10.8,99.58448195586264,12.57,99.35912550195644,0.8590000000000001,99.35448228435425,4.981,99.52691710371153,2.821,98.006474692621,4.773,98.27948741811167,5.063,94.50910255655074
11.26,99.89826127679649,13.01,99.89245373499904,0.8355,99.219690045497,5.186,99.67899176125246,2.71,98.90876000173358,5.335,98.67720477686099,5.092,99.39669382452259
10.74,99.74378698889593,12.73,99.49601690332543,0.8329,98.84308305318537,5.145,99.13797024980326,2.642,98.99134340146428,4.702,99.53574817332459,4.963,98.93276562115116
11.48,99.97677972685037,13.05,99.52786839497445,0.8473,98.04913616967387,5.18,99.8580067713455,2.758,97.94717529038938,5.876,98.0719151499125,5.002,97.13929764969183
12.21,98.96371119654134,13.47,99.70597432308122,0.8453,98.52458069766675,5.357,99.67475645271972,2.8930000000000002,98.57403398659802,1.661,75.74751896229284,5.178,98.08418198246719
11.41,99.10881176594543,12.95,99.91003135694073,0.856,97.44783511559983,5.09,99.81032696721881,2.775,97.50374486170665,4.957,96.45425097515876,4.825,97.33500694684494
12.46,99.59828947667917,13.41,99.96214614826648,0.8706,99.91354492581591,5.236000000000001,99.64587561740612,3.017,99.18227024200093,4.987,93.95322017825143,5.147,97.29046481195903
12.19,99.47643202451708,13.36,99.84190079890593,0.8579,99.48101509480948,5.24,99.83620962587607,2.909,99.74177245429554,4.857,94.73564625168564,5.1579999999999995,98.21111680934783
11.65,99.87751408360846,13.07,99.94989640358882,0.8575,99.31955062078828,5.1080000000000005,99.08192997181732,2.85,99.59872881897599,5.209,99.1215999666747,5.135,97.36475838719146
12.89,99.52300083675037,13.77,99.50392878073602,0.8541,98.51118715994383,5.495,98.45473071529366,3.0260000000000002,98.20450657005884,6.185,98.34368698548506,5.316,99.7084026990843
11.56,99.7895252148772,13.31,99.61548243306805,0.8198,99.73579634733795,5.3629999999999995,99.78423461480611,2.6830000000000003,99.42802649133668,4.062,97.20152393480352,5.182,99.50951184904896
11.81,99.91825936978978,13.45,99.64644296361934,0.8198,99.3370197096205,5.412999999999999,99.91029141562925,2.716,99.81721884447317,4.898,98.61012217249841,5.352,99.43764710224595
10.91,99.59026838571279,12.8,99.88984868009496,0.8372,98.93009940236202,5.088,99.66822329646374,2.675,98.7601129235063,4.178999999999999,98.88392045559013,4.956,99.67736090413729
11.23,97.46594314617909,12.82,98.01732597003641,0.8594,98.70650014251049,5.0889999999999995,99.78455246711377,2.821,98.99977757079111,7.524,86.92398130775814,4.957,94.74729651705661
10.59,99.97559684569663,12.41,99.16252402087333,0.8648,98.90787501049716,4.899,99.43944734665513,2.787,99.86713762015737,4.975,98.63672185501379,4.794,98.44958889609397
10.93,99.29214931160483,12.8,99.96215781589702,0.8390000000000001,99.9628655079123,5.046,98.78972970886932,2.717,99.6662708848358,5.398,95.96625775748862,5.045,98.96454339864434
11.27,99.35907874100046,12.86,99.76846418261816,0.8563,99.11889622944243,5.091,99.57363201342336,2.804,99.89722491040631,3.985,96.0988810967063,5.001,97.33826661254147
11.87,98.95247861692164,13.02,99.30293908032053,0.8795,98.70000042329622,5.132000000000001,98.87147468284022,2.9530000000000003,99.49653028965027,3.597,93.22168331053723,5.132000000000001,94.4875943008953
10.82,99.87285234839399,12.83,99.74293271468105,0.8256,99.53609355889967,5.18,99.74610963927594,2.63,99.33407732676781,4.853,97.98629270049537,5.0889999999999995,99.96024328350505
12.11,99.63123338101632,13.27,99.89353147339722,0.8639,99.19884056886339,5.236000000000001,98.67582466518122,2.975,98.41390389692442,4.132,92.1287987893764,5.012,98.02768304993295
12.8,99.46127002583009,13.47,99.78796291321487,0.8859999999999999,99.85142952771004,5.16,99.95133977701815,3.1260000000000003,99.47480630220015,4.873,91.51034510422662,4.914,99.07759934337957
12.79,99.35355862554167,13.53,99.96965452723768,0.8786,98.7011279716554,5.224,99.96797905758355,3.054,99.13182791243494,5.483,93.85200155703546,4.958,98.56686981103974
13.37,98.83032833275406,13.78,99.93278019071627,0.8849,98.46886330407658,5.32,99.64995527551353,3.128,99.25913719419593,4.67,88.8413105109299,5.091,99.44117393749372
12.62,99.46905462918816,13.67,99.71064448885394,0.8481,99.9582022856558,5.41,99.66460482660983,2.911,99.953310941421,3.306,93.41738777830948,5.231,98.63716180452455
12.76,99.58892214422838,13.38,99.81270291530213,0.8964,99.66815377975216,5.073,99.53699467735518,3.155,99.4578985783665,2.8280000000000003,94.08430985709002,4.83,97.29900990842287
12.38,99.81714560877691,13.44,99.66011192576634,0.8609,99.22048042172169,5.218999999999999,99.5986512650181,2.989,99.30943888697287,5.472,96.6614676671428,5.045,99.74800090526801
12.67,99.85885618849613,13.32,99.59581423449129,0.8977,99.18642389542912,4.984,98.24973766114736,3.135,99.68750940244763,2.3,97.42552535369286,4.745,97.89618995300361
11.18,98.7688123657441,12.72,99.52656247191292,0.868,97.53666456994154,5.0089999999999995,99.41143712072554,2.81,98.58995834033688,4.051,94.3276047231435,4.828,99.06179390219914
12.7,97.39529692156859,13.41,97.99058094773315,0.8874,98.41259648682733,5.183,99.09820717756507,3.091,98.77607452307892,8.456,87.08513211279536,5.0,93.13131233788971
12.37,99.78402428579815,13.47,99.1027626286178,0.8567,99.19876388567039,5.204,99.08166624780303,2.96,99.61325277552203,3.9189999999999996,92.70576542612919,5.001,98.75479527659769
12.19,98.87242362071812,13.2,99.87400762810987,0.8783,98.44664844101901,5.1370000000000005,99.36419291496559,2.9810000000000003,99.39949240834808,3.6310000000000002,90.1071739346457,4.87,99.16819160338702
11.23,99.60507128951377,12.88,99.6326336940679,0.8511,99.68687095982854,5.14,99.00309734332963,2.795,99.56148229084647,4.325,96.6892292364541,5.003,98.24926821936815
13.2,97.1580812875483,13.66,98.6089106018938,0.8883,98.81165543844331,5.236000000000001,99.28126230651392,3.2319999999999998,98.68008440511483,8.315,89.05809741906829,5.056,95.45594300388983
11.84,99.34278825965275,13.21,99.59176458921532,0.8521,99.21196914478497,5.175,99.43547458536696,2.8360000000000003,99.18991551833517,3.5980000000000003,94.6272369725066,5.044,98.31856308026964
12.3,99.71407515882716,13.34,99.58025397842451,0.8684,99.29659645028018,5.242999999999999,99.29072775917767,2.9739999999999998,99.98404570210508,5.6370000000000005,96.74842217313955,5.063,99.8003833423231
